<?xml version="1.0" encoding="UTF-8"?>
<GenRun Id="impl_1" LaunchPart="xc7s15ftgb196-1" LaunchTime="1596288923">
  <File Type="BITSTR-BMM" Name="OV5647_rgbled_bd.bmm"/>
  <File Type="OPT-METHODOLOGY-DRC" Name="OV5647_rgbled_methodology_drc_opted.rpt"/>
  <File Type="INIT-TIMING" Name="OV5647_rgbled_timing_summary_init.rpt"/>
  <File Type="ROUTE-PWR" Name="OV5647_rgbled_power_routed.rpt"/>
  <File Type="PA-TCL" Name="OV5647_rgbled.tcl"/>
  <File Type="OPT-TIMING" Name="OV5647_rgbled_timing_summary_opted.rpt"/>
  <File Type="OPT-DCP" Name="OV5647_rgbled_opt.dcp"/>
  <File Type="ROUTE-PWR-SUM" Name="OV5647_rgbled_power_summary_routed.pb"/>
  <File Type="REPORTS-TCL" Name="OV5647_rgbled_reports.tcl"/>
  <File Type="OPT-DRC" Name="OV5647_rgbled_drc_opted.rpt"/>
  <File Type="OPT-HWDEF" Name="OV5647_rgbled.hwdef"/>
  <File Type="PWROPT-DCP" Name="OV5647_rgbled_pwropt.dcp"/>
  <File Type="PWROPT-DRC" Name="OV5647_rgbled_drc_pwropted.rpt"/>
  <File Type="PWROPT-TIMING" Name="OV5647_rgbled_timing_summary_pwropted.rpt"/>
  <File Type="PLACE-DCP" Name="OV5647_rgbled_placed.dcp"/>
  <File Type="PLACE-IO" Name="OV5647_rgbled_io_placed.rpt"/>
  <File Type="PLACE-CLK" Name="OV5647_rgbled_clock_utilization_placed.rpt"/>
  <File Type="PLACE-UTIL" Name="OV5647_rgbled_utilization_placed.rpt"/>
  <File Type="PLACE-UTIL-PB" Name="OV5647_rgbled_utilization_placed.pb"/>
  <File Type="PLACE-CTRL" Name="OV5647_rgbled_control_sets_placed.rpt"/>
  <File Type="PLACE-SIMILARITY" Name="OV5647_rgbled_incremental_reuse_placed.rpt"/>
  <File Type="PLACE-PRE-SIMILARITY" Name="OV5647_rgbled_incremental_reuse_pre_placed.rpt"/>
  <File Type="BG-BGN" Name="OV5647_rgbled.bgn"/>
  <File Type="PLACE-TIMING" Name="OV5647_rgbled_timing_summary_placed.rpt"/>
  <File Type="POSTPLACE-PWROPT-DCP" Name="OV5647_rgbled_postplace_pwropt.dcp"/>
  <File Type="BG-BIN" Name="OV5647_rgbled.bin"/>
  <File Type="POSTPLACE-PWROPT-TIMING" Name="OV5647_rgbled_timing_summary_postplace_pwropted.rpt"/>
  <File Type="PHYSOPT-DCP" Name="OV5647_rgbled_physopt.dcp"/>
  <File Type="PHYSOPT-DRC" Name="OV5647_rgbled_drc_physopted.rpt"/>
  <File Type="BITSTR-MSK" Name="OV5647_rgbled.msk"/>
  <File Type="PHYSOPT-TIMING" Name="OV5647_rgbled_timing_summary_physopted.rpt"/>
  <File Type="ROUTE-ERROR-DCP" Name="OV5647_rgbled_routed_error.dcp"/>
  <File Type="ROUTE-DCP" Name="OV5647_rgbled_routed.dcp"/>
  <File Type="ROUTE-BLACKBOX-DCP" Name="OV5647_rgbled_routed_bb.dcp"/>
  <File Type="ROUTE-DRC" Name="OV5647_rgbled_drc_routed.rpt"/>
  <File Type="ROUTE-DRC-PB" Name="OV5647_rgbled_drc_routed.pb"/>
  <File Type="BITSTR-LTX" Name="debug_nets.ltx"/>
  <File Type="BITSTR-LTX" Name="OV5647_rgbled.ltx"/>
  <File Type="ROUTE-DRC-RPX" Name="OV5647_rgbled_drc_routed.rpx"/>
  <File Type="BITSTR-MMI" Name="OV5647_rgbled.mmi"/>
  <File Type="ROUTE-METHODOLOGY-DRC" Name="OV5647_rgbled_methodology_drc_routed.rpt"/>
  <File Type="ROUTE-METHODOLOGY-DRC-RPX" Name="OV5647_rgbled_methodology_drc_routed.rpx"/>
  <File Type="BITSTR-SYSDEF" Name="OV5647_rgbled.sysdef"/>
  <File Type="ROUTE-METHODOLOGY-DRC-PB" Name="OV5647_rgbled_methodology_drc_routed.pb"/>
  <File Type="ROUTE-PWR-RPX" Name="OV5647_rgbled_power_routed.rpx"/>
  <File Type="ROUTE-STATUS" Name="OV5647_rgbled_route_status.rpt"/>
  <File Type="ROUTE-STATUS-PB" Name="OV5647_rgbled_route_status.pb"/>
  <File Type="ROUTE-TIMINGSUMMARY" Name="OV5647_rgbled_timing_summary_routed.rpt"/>
  <File Type="ROUTE-TIMING-PB" Name="OV5647_rgbled_timing_summary_routed.pb"/>
  <File Type="ROUTE-TIMING-RPX" Name="OV5647_rgbled_timing_summary_routed.rpx"/>
  <File Type="ROUTE-SIMILARITY" Name="OV5647_rgbled_incremental_reuse_routed.rpt"/>
  <File Type="ROUTE-CLK" Name="OV5647_rgbled_clock_utilization_routed.rpt"/>
  <File Type="ROUTE-BUS-SKEW" Name="OV5647_rgbled_bus_skew_routed.rpt"/>
  <File Type="ROUTE-BUS-SKEW-PB" Name="OV5647_rgbled_bus_skew_routed.pb"/>
  <File Type="ROUTE-BUS-SKEW-RPX" Name="OV5647_rgbled_bus_skew_routed.rpx"/>
  <File Type="POSTROUTE-PHYSOPT-DCP" Name="OV5647_rgbled_postroute_physopt.dcp"/>
  <File Type="POSTROUTE-PHYSOPT-BLACKBOX-DCP" Name="OV5647_rgbled_postroute_physopt_bb.dcp"/>
  <File Type="POSTROUTE-PHYSOPT-TIMING" Name="OV5647_rgbled_timing_summary_postroute_physopted.rpt"/>
  <File Type="POSTROUTE-PHYSOPT-TIMING-PB" Name="OV5647_rgbled_timing_summary_postroute_physopted.pb"/>
  <File Type="POSTROUTE-PHYSOPT-TIMING-RPX" Name="OV5647_rgbled_timing_summary_postroute_physopted.rpx"/>
  <File Type="POSTROUTE-PHYSOPT-BUS-SKEW" Name="OV5647_rgbled_bus_skew_postroute_physopted.rpt"/>
  <File Type="POSTROUTE-PHYSOPT-BUS-SKEW-PB" Name="OV5647_rgbled_bus_skew_postroute_physopted.pb"/>
  <File Type="BG-BIT" Name="OV5647_rgbled.bit"/>
  <File Type="POSTROUTE-PHYSOPT-BUS-SKEW-RPX" Name="OV5647_rgbled_bus_skew_postroute_physopted.rpx"/>
  <File Type="BITSTR-RBT" Name="OV5647_rgbled.rbt"/>
  <File Type="BITSTR-NKY" Name="OV5647_rgbled.nky"/>
  <File Type="BG-DRC" Name="OV5647_rgbled.drc"/>
  <File Type="RDI-RDI" Name="OV5647_rgbled.vdi"/>
  <File Type="WBT-USG" Name="usage_statistics_webtalk.html"/>
  <FileSet Name="sources" Type="DesignSrcs" RelSrcDir="$PSRCDIR/sources_1">
    <Filter Type="Srcs"/>
    <File Path="$PSRCDIR/sources_1/ip/clk_wiz_1/clk_wiz_1.xci">
      <FileInfo>
        <Attr Name="UsedIn" Val="synthesis"/>
        <Attr Name="UsedIn" Val="implementation"/>
        <Attr Name="UsedIn" Val="simulation"/>
      </FileInfo>
    </File>
    <File Path="$PSRCDIR/sources_1/ip/clk_wiz_0/clk_wiz_0.xci">
      <FileInfo>
        <Attr Name="UsedIn" Val="synthesis"/>
        <Attr Name="UsedIn" Val="implementation"/>
        <Attr Name="UsedIn" Val="simulation"/>
      </FileInfo>
    </File>
    <File Path="$PPRDIR/Camera_Demo/Camera_Demo/Camera_Demo.srcs/sources_1/new/Driver_Bayer_To_RGB.v">
      <FileInfo>
        <Attr Name="UsedIn" Val="synthesis"/>
        <Attr Name="UsedIn" Val="implementation"/>
        <Attr Name="UsedIn" Val="simulation"/>
      </FileInfo>
    </File>
    <File Path="$PPRDIR/RGB_LED_Demo/RGB_LED_Demo.srcs/sources_1/new/Driver_Breath_LED.v">
      <FileInfo>
        <Attr Name="UsedIn" Val="synthesis"/>
        <Attr Name="UsedIn" Val="implementation"/>
        <Attr Name="UsedIn" Val="simulation"/>
      </FileInfo>
    </File>
    <File Path="$PPRDIR/Camera_Demo/Camera_Demo/Camera_Demo.srcs/sources_1/new/Driver_Csi_To_Dvp.v">
      <FileInfo>
        <Attr Name="UsedIn" Val="synthesis"/>
        <Attr Name="UsedIn" Val="implementation"/>
        <Attr Name="UsedIn" Val="simulation"/>
      </FileInfo>
    </File>
    <File Path="$PPRDIR/Camera_Demo/Camera_Demo/Camera_Demo.srcs/sources_1/new/Driver_IIC.v">
      <FileInfo>
        <Attr Name="UsedIn" Val="synthesis"/>
        <Attr Name="UsedIn" Val="implementation"/>
        <Attr Name="UsedIn" Val="simulation"/>
      </FileInfo>
    </File>
    <File Path="$PPRDIR/Camera_Demo/Camera_Demo/Camera_Demo.srcs/sources_1/new/Driver_MIPI.v">
      <FileInfo>
        <Attr Name="UsedIn" Val="synthesis"/>
        <Attr Name="UsedIn" Val="implementation"/>
        <Attr Name="UsedIn" Val="simulation"/>
      </FileInfo>
    </File>
    <File Path="$PPRDIR/RGB_LED_Demo/RGB_LED_Demo.srcs/sources_1/new/Driver_RGB_LED.v">
      <FileInfo>
        <Attr Name="UsedIn" Val="synthesis"/>
        <Attr Name="UsedIn" Val="implementation"/>
        <Attr Name="UsedIn" Val="simulation"/>
      </FileInfo>
    </File>
    <File Path="$PSRCDIR/sources_1/new/OV5647.v">
      <FileInfo>
        <Attr Name="UsedIn" Val="synthesis"/>
        <Attr Name="UsedIn" Val="implementation"/>
        <Attr Name="UsedIn" Val="simulation"/>
      </FileInfo>
    </File>
    <File Path="$PPRDIR/Camera_Demo/Camera_Demo/Camera_Demo.srcs/sources_1/new/OV5647_Init.v">
      <FileInfo>
        <Attr Name="UsedIn" Val="synthesis"/>
        <Attr Name="UsedIn" Val="implementation"/>
        <Attr Name="UsedIn" Val="simulation"/>
      </FileInfo>
    </File>
    <File Path="$PPRDIR/RGB_LED_Demo/RGB_LED_Demo.srcs/sources_1/new/RGB_LED_Demo.v">
      <FileInfo>
        <Attr Name="UsedIn" Val="synthesis"/>
        <Attr Name="UsedIn" Val="implementation"/>
        <Attr Name="UsedIn" Val="simulation"/>
      </FileInfo>
    </File>
    <File Path="$PPRDIR/Camera_Demo/Camera_Demo/Camera_Demo.srcs/sources_1/new/Trigger_Generator.v">
      <FileInfo>
        <Attr Name="UsedIn" Val="synthesis"/>
        <Attr Name="UsedIn" Val="implementation"/>
        <Attr Name="UsedIn" Val="simulation"/>
      </FileInfo>
    </File>
    <File Path="$PPRDIR/RGB_LED_Demo/RGB_LED_Demo.srcs/sources_1/new/clk_division.v">
      <FileInfo>
        <Attr Name="UsedIn" Val="synthesis"/>
        <Attr Name="UsedIn" Val="implementation"/>
        <Attr Name="UsedIn" Val="simulation"/>
      </FileInfo>
    </File>
    <File Path="$PSRCDIR/sources_1/new/rgb2hsv.v">
      <FileInfo>
        <Attr Name="UsedIn" Val="synthesis"/>
        <Attr Name="UsedIn" Val="implementation"/>
        <Attr Name="UsedIn" Val="simulation"/>
      </FileInfo>
    </File>
    <File Path="$PSRCDIR/sources_1/new/OV5647_rgbled.v">
      <FileInfo>
        <Attr Name="UsedIn" Val="synthesis"/>
        <Attr Name="UsedIn" Val="implementation"/>
        <Attr Name="UsedIn" Val="simulation"/>
      </FileInfo>
    </File>
    <Config>
      <Option Name="DesignMode" Val="RTL"/>
      <Option Name="TopModule" Val="OV5647_rgbled"/>
      <Option Name="TopAutoSet" Val="TRUE"/>
    </Config>
  </FileSet>
  <FileSet Name="constrs_in" Type="Constrs" RelSrcDir="$PSRCDIR/constrs_1">
    <Filter Type="Constrs"/>
    <File Path="$PSRCDIR/constrs_1/new/system.xdc">
      <FileInfo>
        <Attr Name="UsedIn" Val="synthesis"/>
        <Attr Name="UsedIn" Val="implementation"/>
      </FileInfo>
    </File>
    <Config>
      <Option Name="ConstrsType" Val="XDC"/>
    </Config>
  </FileSet>
  <Strategy Version="1" Minor="2">
    <StratHandle Name="Vivado Implementation Defaults" Flow="Vivado Implementation 2018"/>
    <Step Id="init_design"/>
    <Step Id="opt_design"/>
    <Step Id="power_opt_design"/>
    <Step Id="place_design"/>
    <Step Id="post_place_power_opt_design"/>
    <Step Id="phys_opt_design"/>
    <Step Id="route_design"/>
    <Step Id="post_route_phys_opt_design"/>
    <Step Id="write_bitstream"/>
  </Strategy>
  <BlockFileSet Type="BlockSrcs" Name="rgb2dvi_0"/>
  <BlockFileSet Type="BlockSrcs" Name="RAM_Line"/>
  <BlockFileSet Type="BlockSrcs" Name="AXIS_Data_RAM"/>
  <BlockFileSet Type="BlockSrcs" Name="csi_to_axis_0"/>
  <BlockFileSet Type="BlockSrcs" Name="csi2_d_phy_rx_0"/>
</GenRun>
