<?xml version="1.0" encoding="UTF-8"?>
<GenRun Id="impl_1" LaunchPart="xc7s15ftgb196-1" LaunchTime="1596263162">
  <File Type="BITSTR-BMM" Name="RGB_LED_Demo_bd.bmm"/>
  <File Type="OPT-METHODOLOGY-DRC" Name="RGB_LED_Demo_methodology_drc_opted.rpt"/>
  <File Type="INIT-TIMING" Name="RGB_LED_Demo_timing_summary_init.rpt"/>
  <File Type="ROUTE-PWR" Name="RGB_LED_Demo_power_routed.rpt"/>
  <File Type="PA-TCL" Name="RGB_LED_Demo.tcl"/>
  <File Type="OPT-TIMING" Name="RGB_LED_Demo_timing_summary_opted.rpt"/>
  <File Type="OPT-DCP" Name="RGB_LED_Demo_opt.dcp"/>
  <File Type="ROUTE-PWR-SUM" Name="RGB_LED_Demo_power_summary_routed.pb"/>
  <File Type="REPORTS-TCL" Name="RGB_LED_Demo_reports.tcl"/>
  <File Type="OPT-DRC" Name="RGB_LED_Demo_drc_opted.rpt"/>
  <File Type="OPT-HWDEF" Name="RGB_LED_Demo.hwdef"/>
  <File Type="PWROPT-DCP" Name="RGB_LED_Demo_pwropt.dcp"/>
  <File Type="PWROPT-DRC" Name="RGB_LED_Demo_drc_pwropted.rpt"/>
  <File Type="PWROPT-TIMING" Name="RGB_LED_Demo_timing_summary_pwropted.rpt"/>
  <File Type="PLACE-DCP" Name="RGB_LED_Demo_placed.dcp"/>
  <File Type="PLACE-IO" Name="RGB_LED_Demo_io_placed.rpt"/>
  <File Type="PLACE-CLK" Name="RGB_LED_Demo_clock_utilization_placed.rpt"/>
  <File Type="PLACE-UTIL" Name="RGB_LED_Demo_utilization_placed.rpt"/>
  <File Type="PLACE-UTIL-PB" Name="RGB_LED_Demo_utilization_placed.pb"/>
  <File Type="PLACE-CTRL" Name="RGB_LED_Demo_control_sets_placed.rpt"/>
  <File Type="PLACE-SIMILARITY" Name="RGB_LED_Demo_incremental_reuse_placed.rpt"/>
  <File Type="PLACE-PRE-SIMILARITY" Name="RGB_LED_Demo_incremental_reuse_pre_placed.rpt"/>
  <File Type="BG-BGN" Name="RGB_LED_Demo.bgn"/>
  <File Type="PLACE-TIMING" Name="RGB_LED_Demo_timing_summary_placed.rpt"/>
  <File Type="POSTPLACE-PWROPT-DCP" Name="RGB_LED_Demo_postplace_pwropt.dcp"/>
  <File Type="BG-BIN" Name="RGB_LED_Demo.bin"/>
  <File Type="POSTPLACE-PWROPT-TIMING" Name="RGB_LED_Demo_timing_summary_postplace_pwropted.rpt"/>
  <File Type="PHYSOPT-DCP" Name="RGB_LED_Demo_physopt.dcp"/>
  <File Type="PHYSOPT-DRC" Name="RGB_LED_Demo_drc_physopted.rpt"/>
  <File Type="BITSTR-MSK" Name="RGB_LED_Demo.msk"/>
  <File Type="PHYSOPT-TIMING" Name="RGB_LED_Demo_timing_summary_physopted.rpt"/>
  <File Type="ROUTE-ERROR-DCP" Name="RGB_LED_Demo_routed_error.dcp"/>
  <File Type="ROUTE-DCP" Name="RGB_LED_Demo_routed.dcp"/>
  <File Type="ROUTE-BLACKBOX-DCP" Name="RGB_LED_Demo_routed_bb.dcp"/>
  <File Type="ROUTE-DRC" Name="RGB_LED_Demo_drc_routed.rpt"/>
  <File Type="ROUTE-DRC-PB" Name="RGB_LED_Demo_drc_routed.pb"/>
  <File Type="BITSTR-LTX" Name="debug_nets.ltx"/>
  <File Type="BITSTR-LTX" Name="RGB_LED_Demo.ltx"/>
  <File Type="ROUTE-DRC-RPX" Name="RGB_LED_Demo_drc_routed.rpx"/>
  <File Type="BITSTR-MMI" Name="RGB_LED_Demo.mmi"/>
  <File Type="ROUTE-METHODOLOGY-DRC" Name="RGB_LED_Demo_methodology_drc_routed.rpt"/>
  <File Type="ROUTE-METHODOLOGY-DRC-RPX" Name="RGB_LED_Demo_methodology_drc_routed.rpx"/>
  <File Type="BITSTR-SYSDEF" Name="RGB_LED_Demo.sysdef"/>
  <File Type="ROUTE-METHODOLOGY-DRC-PB" Name="RGB_LED_Demo_methodology_drc_routed.pb"/>
  <File Type="ROUTE-PWR-RPX" Name="RGB_LED_Demo_power_routed.rpx"/>
  <File Type="ROUTE-STATUS" Name="RGB_LED_Demo_route_status.rpt"/>
  <File Type="ROUTE-STATUS-PB" Name="RGB_LED_Demo_route_status.pb"/>
  <File Type="ROUTE-TIMINGSUMMARY" Name="RGB_LED_Demo_timing_summary_routed.rpt"/>
  <File Type="ROUTE-TIMING-PB" Name="RGB_LED_Demo_timing_summary_routed.pb"/>
  <File Type="ROUTE-TIMING-RPX" Name="RGB_LED_Demo_timing_summary_routed.rpx"/>
  <File Type="ROUTE-SIMILARITY" Name="RGB_LED_Demo_incremental_reuse_routed.rpt"/>
  <File Type="ROUTE-CLK" Name="RGB_LED_Demo_clock_utilization_routed.rpt"/>
  <File Type="ROUTE-BUS-SKEW" Name="RGB_LED_Demo_bus_skew_routed.rpt"/>
  <File Type="ROUTE-BUS-SKEW-PB" Name="RGB_LED_Demo_bus_skew_routed.pb"/>
  <File Type="ROUTE-BUS-SKEW-RPX" Name="RGB_LED_Demo_bus_skew_routed.rpx"/>
  <File Type="POSTROUTE-PHYSOPT-DCP" Name="RGB_LED_Demo_postroute_physopt.dcp"/>
  <File Type="POSTROUTE-PHYSOPT-BLACKBOX-DCP" Name="RGB_LED_Demo_postroute_physopt_bb.dcp"/>
  <File Type="POSTROUTE-PHYSOPT-TIMING" Name="RGB_LED_Demo_timing_summary_postroute_physopted.rpt"/>
  <File Type="POSTROUTE-PHYSOPT-TIMING-PB" Name="RGB_LED_Demo_timing_summary_postroute_physopted.pb"/>
  <File Type="POSTROUTE-PHYSOPT-TIMING-RPX" Name="RGB_LED_Demo_timing_summary_postroute_physopted.rpx"/>
  <File Type="POSTROUTE-PHYSOPT-BUS-SKEW" Name="RGB_LED_Demo_bus_skew_postroute_physopted.rpt"/>
  <File Type="POSTROUTE-PHYSOPT-BUS-SKEW-PB" Name="RGB_LED_Demo_bus_skew_postroute_physopted.pb"/>
  <File Type="BG-BIT" Name="RGB_LED_Demo.bit"/>
  <File Type="POSTROUTE-PHYSOPT-BUS-SKEW-RPX" Name="RGB_LED_Demo_bus_skew_postroute_physopted.rpx"/>
  <File Type="BITSTR-RBT" Name="RGB_LED_Demo.rbt"/>
  <File Type="BITSTR-NKY" Name="RGB_LED_Demo.nky"/>
  <File Type="BG-DRC" Name="RGB_LED_Demo.drc"/>
  <File Type="RDI-RDI" Name="RGB_LED_Demo.vdi"/>
  <File Type="WBT-USG" Name="usage_statistics_webtalk.html"/>
  <FileSet Name="sources" Type="DesignSrcs" RelSrcDir="$PSRCDIR/sources_1">
    <Filter Type="Srcs"/>
    <File Path="$PSRCDIR/sources_1/new/Driver_Breath_LED.v">
      <FileInfo>
        <Attr Name="UsedIn" Val="synthesis"/>
        <Attr Name="UsedIn" Val="implementation"/>
        <Attr Name="UsedIn" Val="simulation"/>
      </FileInfo>
    </File>
    <File Path="$PSRCDIR/sources_1/new/Driver_RGB_LED.v">
      <FileInfo>
        <Attr Name="UsedIn" Val="synthesis"/>
        <Attr Name="UsedIn" Val="implementation"/>
        <Attr Name="UsedIn" Val="simulation"/>
      </FileInfo>
    </File>
    <File Path="$PSRCDIR/sources_1/new/Key_Test_Color.v">
      <FileInfo>
        <Attr Name="UsedIn" Val="synthesis"/>
        <Attr Name="UsedIn" Val="implementation"/>
        <Attr Name="UsedIn" Val="simulation"/>
      </FileInfo>
    </File>
    <File Path="$PSRCDIR/sources_1/new/clk_division.v">
      <FileInfo>
        <Attr Name="UsedIn" Val="synthesis"/>
        <Attr Name="UsedIn" Val="implementation"/>
        <Attr Name="UsedIn" Val="simulation"/>
      </FileInfo>
    </File>
    <File Path="$PSRCDIR/sources_1/new/RGB_LED_Demo.v">
      <FileInfo>
        <Attr Name="UsedIn" Val="synthesis"/>
        <Attr Name="UsedIn" Val="implementation"/>
        <Attr Name="UsedIn" Val="simulation"/>
      </FileInfo>
    </File>
    <Config>
      <Option Name="DesignMode" Val="RTL"/>
      <Option Name="TopModule" Val="RGB_LED_Demo"/>
      <Option Name="TopAutoSet" Val="TRUE"/>
    </Config>
  </FileSet>
  <FileSet Name="constrs_in" Type="Constrs" RelSrcDir="$PSRCDIR/constrs_1">
    <Filter Type="Constrs"/>
    <File Path="$PSRCDIR/constrs_1/new/system.xdc">
      <FileInfo>
        <Attr Name="UsedIn" Val="synthesis"/>
        <Attr Name="UsedIn" Val="implementation"/>
      </FileInfo>
    </File>
    <Config>
      <Option Name="ConstrsType" Val="XDC"/>
    </Config>
  </FileSet>
  <Strategy Version="1" Minor="2">
    <StratHandle Name="Vivado Implementation Defaults" Flow="Vivado Implementation 2018"/>
    <Step Id="init_design"/>
    <Step Id="opt_design"/>
    <Step Id="power_opt_design"/>
    <Step Id="place_design"/>
    <Step Id="post_place_power_opt_design"/>
    <Step Id="phys_opt_design"/>
    <Step Id="route_design"/>
    <Step Id="post_route_phys_opt_design"/>
    <Step Id="write_bitstream"/>
  </Strategy>
  <BlockFileSet Type="BlockSrcs" Name="clk_wiz_0"/>
</GenRun>
