<?xml version="1.0" encoding="UTF-8"?>
<GenRun Id="AXIS_Data_RAM_synth_1" LaunchPart="xc7s15ftgb196-1" LaunchTime="1595749643">
  <File Type="PA-TCL" Name="AXIS_Data_RAM.tcl"/>
  <File Type="REPORTS-TCL" Name="AXIS_Data_RAM_reports.tcl"/>
  <File Type="RDS-RDS" Name="AXIS_Data_RAM.vds"/>
  <File Type="RDS-UTIL" Name="AXIS_Data_RAM_utilization_synth.rpt"/>
  <File Type="RDS-UTIL-PB" Name="AXIS_Data_RAM_utilization_synth.pb"/>
  <File Type="RDS-DCP" Name="AXIS_Data_RAM.dcp"/>
  <FileSet Name="sources" Type="BlockSrcs" RelSrcDir="$PSRCDIR/AXIS_Data_RAM">
    <File Path="$PSRCDIR/sources_1/ip/AXIS_Data_RAM/AXIS_Data_RAM.xci">
      <FileInfo>
        <Attr Name="UsedIn" Val="synthesis"/>
        <Attr Name="UsedIn" Val="implementation"/>
        <Attr Name="UsedIn" Val="simulation"/>
      </FileInfo>
    </File>
    <Config>
      <Option Name="TopModule" Val="AXIS_Data_RAM"/>
      <Option Name="UseBlackboxStub" Val="1"/>
    </Config>
  </FileSet>
  <FileSet Name="constrs_in" Type="BlockSrcs" RelSrcDir="$PSRCDIR/AXIS_Data_RAM">
    <File Path="$PSRCDIR/sources_1/ip/AXIS_Data_RAM/AXIS_Data_RAM.xci">
      <FileInfo>
        <Attr Name="UsedIn" Val="synthesis"/>
        <Attr Name="UsedIn" Val="implementation"/>
        <Attr Name="UsedIn" Val="simulation"/>
      </FileInfo>
    </File>
    <Config>
      <Option Name="TopModule" Val="AXIS_Data_RAM"/>
      <Option Name="UseBlackboxStub" Val="1"/>
    </Config>
  </FileSet>
  <Strategy Version="1" Minor="2">
    <StratHandle Name="Vivado Synthesis Defaults" Flow="Vivado Synthesis 2018"/>
    <Step Id="synth_design"/>
  </Strategy>
</GenRun>
