<?xml version="1.0"?>
<Runs Version="1" Minor="0">
	<Run Id="rgb2dvi_0_synth_1" LaunchDir="D:/qq_download/Camera_Demo/Camera_Demo/Camera_Demo.runs/rgb2dvi_0_synth_1" FlowId="Vivado_Synthesis" FromStepId="vivado" ToStepId="vivado"/>
	<Run Id="synth_1" LaunchDir="D:/qq_download/Camera_Demo/Camera_Demo/Camera_Demo.runs/synth_1" FlowId="Vivado_Synthesis" FromStepId="vivado" ToStepId="vivado">
		<Parent Id="rgb2dvi_0_synth_1"/>
	</Run>
	<Run Id="impl_1" LaunchDir="D:/qq_download/Camera_Demo/Camera_Demo/Camera_Demo.runs/impl_1" FlowId="Vivado_Implementation" FromStepId="init_design" ToStepId="write_bitstream">
		<Parent Id="synth_1"/>
		<Parent Id="rgb2dvi_0_synth_1"/>
	</Run>
</Runs>

