<?xml version="1.0" encoding="UTF-8"?>
<GenRun Id="rgb2dvi_0_synth_1" LaunchPart="xc7s15ftgb196-1" LaunchTime="1596181641">
  <File Type="PA-TCL" Name="rgb2dvi_0.tcl"/>
  <File Type="REPORTS-TCL" Name="rgb2dvi_0_reports.tcl"/>
  <File Type="RDS-RDS" Name="rgb2dvi_0.vds"/>
  <File Type="RDS-UTIL" Name="rgb2dvi_0_utilization_synth.rpt"/>
  <File Type="RDS-UTIL-PB" Name="rgb2dvi_0_utilization_synth.pb"/>
  <File Type="RDS-DCP" Name="rgb2dvi_0.dcp"/>
  <FileSet Name="sources" Type="BlockSrcs" RelSrcDir="$PSRCDIR/rgb2dvi_0">
    <File Path="$PSRCDIR/sources_1/ip/rgb2dvi_0/rgb2dvi_0.xci">
      <FileInfo>
        <Attr Name="UsedIn" Val="synthesis"/>
        <Attr Name="UsedIn" Val="implementation"/>
        <Attr Name="UsedIn" Val="simulation"/>
      </FileInfo>
    </File>
    <Config>
      <Option Name="TopModule" Val="rgb2dvi_0"/>
      <Option Name="UseBlackboxStub" Val="1"/>
    </Config>
  </FileSet>
  <FileSet Name="constrs_in" Type="BlockSrcs" RelSrcDir="$PSRCDIR/rgb2dvi_0">
    <File Path="$PSRCDIR/sources_1/ip/rgb2dvi_0/rgb2dvi_0.xci">
      <FileInfo>
        <Attr Name="UsedIn" Val="synthesis"/>
        <Attr Name="UsedIn" Val="implementation"/>
        <Attr Name="UsedIn" Val="simulation"/>
      </FileInfo>
    </File>
    <Config>
      <Option Name="TopModule" Val="rgb2dvi_0"/>
      <Option Name="UseBlackboxStub" Val="1"/>
    </Config>
  </FileSet>
  <Strategy Version="1" Minor="2">
    <StratHandle Name="Vivado Synthesis Defaults" Flow="Vivado Synthesis 2018"/>
    <Step Id="synth_design"/>
  </Strategy>
</GenRun>
